[
    {
        "Id": "BVwi1",
        "Name": "Bag It",
        "AverageRating": 4.6,
        "ReleaseYear": 2010,
        "Url": "http://www.netflix.com/Movie/Bag_It/70153545",
        "Rating": "NR"
    },
    {
        "Id": "BW1Ss",
        "Name": "Lost Boy: The Next Chapter",
        "AverageRating": 4.6,
        "ReleaseYear": 2009,
        "Url": "http://www.netflix.com/Movie/Lost_Boy_The_Next_Chapter/70171826",
        "Rating": "NR"
    },
    {
        "Id": "BW2K0",
        "Name": "To Live & Ride in L.A.",
        "AverageRating": 4.6,
        "ReleaseYear": 2010,
        "Url": "http://www.netflix.com/Movie/To_Live_Ride_in_L.A./70175120",
        "Rating": "NR"
    },
    {
        "Id": "BWAhv",
        "Name": "K-ON!: Vol. 1",
        "AverageRating": 4.6,
        "ReleaseYear": 2009,
        "Url": "http://www.netflix.com/Movie/K-ON_Vol._1/70207355",
        "Rating": "NR"
    },
    {
        "Id": "BWDSi",
        "Name": "Archer: Season 2: Disc 1",
        "AverageRating": 4.6,
        "ReleaseYear": 2011,
        "Url": "http://www.netflix.com/Movie/Archer_Season_2_Disc_1/70217944",
        "Rating": "TV-MA"
    },
    {
        "Id": "BWDSj",
        "Name": "Archer: Season 2: Disc 2",
        "AverageRating": 4.6,
        "ReleaseYear": 2011,
        "Url": "http://www.netflix.com/Movie/Archer_Season_2_Disc_2/70217945",
        "Rating": "TV-MA"
    },
    {
        "Id": "caNeN",
        "Name": "Big Time Rush: Season 1: Vol. 2",
        "AverageRating": 4.6,
        "ReleaseYear": 2009,
        "Url": "http://www.netflix.com/Movie/Big_Time_Rush_Season_1_Vol._2/70171491",
        "Rating": "NR"
    },
    {
         "Id": "BVf0R",
        "Name": "Taylor Swift: Taylor Swift",
        "AverageRating": 4.5,
        "ReleaseYear": 2007,
        "Url": "http://www.netflix.com/Movie/Taylor_Swift_Taylor_Swift/70085495",
        "Rating": "NR"
    },
    {
        "Id": "BVixh",
        "Name": "Hopkins 24/7: Season 2",
        "AverageRating": 4.5,
        "ReleaseYear": 2008,
        "Url": "http://www.netflix.com/Movie/Hopkins_24_7_Season_2/70100701",
        "Rating": "NR"
    },
    {
        "Id": "BVKAF",
        "Name": "The Shawshank Redemption",
        "AverageRating": 4.5,
        "ReleaseYear": 1994,
        "Url": "http://www.netflix.com/Movie/The_Shawshank_Redemption/70005379",
        "Rating": "R"
    }
]